Date,Open,Adj Close,Volume
2021-09-01,152.8300018310547,149.8333282470703,80313700
2021-09-02,153.8699951171875,150.953369140625,71115500
2021-09-03,153.75999450683594,151.59194946289062,57808700
2021-09-07,154.97000122070312,153.9400177001953,82278300
2021-09-08,156.97999572753906,152.3877410888672,74420200
2021-09-09,155.49000549316406,151.36598205566406,57305700
2021-09-10,155.0,146.35545349121094,140893200
2021-09-13,150.6300048828125,146.92530822753906,102404300
2021-09-14,150.35000610351562,145.52041625976562,109296300
2021-09-15,148.55999755859375,146.41444396972656,83281300
2021-09-16,148.44000244140625,146.17860412597656,68034100
2021-09-17,148.82000732421875,143.49655151367188,129868800
2021-09-20,143.8000030517578,140.43133544921875,123478900
2021-09-21,143.92999267578125,140.9127197265625,75834000
2021-09-22,144.4499969482422,143.29025268554688,76404300
2021-09-23,146.64999389648438,144.25302124023438,64838200
2021-09-24,145.66000366210938,144.3414764404297,53477900
2021-09-27,145.47000122070312,142.81866455078125,74150700
2021-09-28,143.25,139.41940307617188,108972300
2021-09-29,142.47000122070312,140.32327270507812,74602000
2021-09-30,143.66000366210938,139.01658630371094,89056700
2021-10-01,141.89999389648438,140.14639282226562,94639600
2021-10-04,141.75999450683594,136.69802856445312,98322000
2021-10-05,139.49000549316406,138.6334228515625,80861100
2021-10-06,139.47000122070312,139.50779724121094,83221100
2021-10-07,143.05999755859375,140.77516174316406,61732700
2021-10-08,144.02999877929688,140.3920135498047,58773200
2021-10-11,142.27000427246094,140.30357360839844,64452200
2021-10-12,143.22999572753906,139.02642822265625,73035900
2021-10-13,141.24000549316406,138.4369659423828,78762700
2021-10-14,142.11000061035156,141.23690795898438,69907100
2021-10-15,143.77000427246094,142.29794311523438,67940300
2021-10-18,143.4499969482422,143.97796630859375,85589200
2021-10-19,147.00999450683594,146.14918518066406,76378900
2021-10-20,148.6999969482422,146.64039611816406,58418800
2021-10-21,148.80999755859375,146.85655212402344,61421000
2021-10-22,149.69000244140625,146.0803985595703,58883400
2021-10-25,148.67999267578125,146.0312957763672,50720600
2021-10-26,149.3300018310547,146.69932556152344,60893400
2021-10-27,149.36000061035156,146.23760986328125,56094900
2021-10-28,149.82000732421875,149.89230346679688,100077900
2021-10-29,147.22000122070312,147.17091369628906,124953200
2021-11-01,148.99000549316406,146.34564208984375,74588300
2021-11-02,148.66000366210938,147.3870391845703,69122000
2021-11-03,150.38999938964844,148.83126831054688,54511500
2021-11-04,151.5800018310547,148.3105926513672,60394600
2021-11-05,151.88999938964844,148.8418731689453,65463900
2021-11-08,151.41000366210938,148.01536560058594,55020900
2021-11-09,150.1999969482422,148.37945556640625,56787900
2021-11-10,150.02000427246094,145.53602600097656,65187100
2021-11-11,148.9600067138672,145.48680114746094,41000000
2021-11-12,148.42999267578125,147.57266235351562,63804000
2021-11-15,150.3699951171875,147.58250427246094,59222800
2021-11-16,149.94000244140625,148.56637573242188,59256200
2021-11-17,151.0,151.01625061035156,88807000
2021-11-18,153.7100067138672,155.32562255859375,137827700
2021-11-19,157.64999389648438,157.9624481201172,117305600
2021-11-22,161.67999267578125,158.4248809814453,117467900
2021-11-23,161.1199951171875,158.80859375,96041900
2021-11-24,160.75,159.33006286621094,69463600
2021-11-26,159.57000732421875,154.28271484375,76959800
2021-11-29,159.3699951171875,157.657470703125,88748200
2021-11-30,159.99000549316406,162.6359100341797,174048100
2021-12-01,167.47999572753906,162.11447143554688,152052500
2021-12-02,158.74000549316406,161.12071228027344,136739200
2021-12-03,164.02000427246094,159.23167419433594,118023100
2021-12-06,164.2899932861328,162.6555938720703,107497000
2021-12-07,169.0800018310547,168.42112731933594,120405400
2021-12-08,172.1300048828125,172.25827026367188,116998900
2021-12-09,174.91000366210938,171.74664306640625,108923700
2021-12-10,175.2100067138672,176.55783081054688,115402700
2021-12-13,181.1199951171875,172.9076690673828,153237000
2021-12-14,175.25,171.5203857421875,139380400
2021-12-15,175.11000061035156,176.4102783203125,131063300
2021-12-16,179.27999877929688,169.4837188720703,150185800
2021-12-17,169.92999267578125,168.38182067871094,195432700
2021-12-20,168.27999877929688,167.01417541503906,107499100
2021-12-21,171.55999755859375,170.2019500732422,91185900
2021-12-22,173.0399932861328,172.80926513671875,92135300
2021-12-23,175.85000610351562,173.43893432617188,68356600
2021-12-27,177.08999633789062,177.4236602783203,74919600
2021-12-28,180.16000366210938,176.40042114257812,79144300
2021-12-29,179.3300018310547,176.48899841308594,62348900
2021-12-30,179.47000122070312,175.3280029296875,59773000
2021-12-31,178.08999633789062,174.7081756591797,64062300
2022-01-03,177.8300018310547,179.0765838623047,104487900
2022-01-04,182.6300048828125,176.80384826660156,99310400
2022-01-05,179.61000061035156,172.10084533691406,94537600
2022-01-06,172.6999969482422,169.22792053222656,96904000
2022-01-07,172.88999938964844,169.39515686035156,86709100
2022-01-10,169.0800018310547,169.41485595703125,106765600
2022-01-11,172.32000732421875,172.25827026367188,76138300
2022-01-12,176.1199951171875,172.70103454589844,74805200
2022-01-13,175.77999877929688,169.41485595703125,84505800
2022-01-14,171.33999633789062,170.28067016601562,80440800
2022-01-18,171.50999450683594,167.0634002685547,90956700
2022-01-19,170.0,163.5509033203125,94815000
2022-01-20,166.97999572753906,161.858642578125,91420500
2022-01-21,164.4199981689453,159.79246520996094,122848900
2022-01-24,160.02000427246094,159.0152130126953,162294600
2022-01-25,158.97999572753906,157.2048797607422,115798400
2022-01-26,163.5,157.11631774902344,108275300
2022-01-27,162.4499969482422,156.6538848876953,121954600
2022-01-28,165.7100067138672,167.58480834960938,179935700
2022-01-31,170.16000366210938,171.96310424804688,115541600
2022-02-01,174.00999450683594,171.79586791992188,86213900
2022-02-02,174.75,173.00604248046875,84914300
2022-02-03,174.47999572753906,170.11343383789062,89418100
2022-02-04,171.67999267578125,169.8277130126953,82465400
2022-02-07,172.86000061035156,169.10858154296875,77251200
2022-02-08,171.72999572753906,172.2314453125,74829200
2022-02-09,176.0500030517578,173.659912109375,71285000
2022-02-10,174.13999938964844,169.56175231933594,90865900
2022-02-11,172.3300018310547,166.13343811035156,98670700
2022-02-14,167.3699951171875,166.36993408203125,86185500
2022-02-15,170.97000122070312,170.22177124023438,62527400
2022-02-16,171.85000610351562,169.98536682128906,61177400
2022-02-17,171.02999877929688,166.36993408203125,69589300
2022-02-18,169.82000732421875,164.81338500976562,82772700
2022-02-22,164.97999572753906,161.877685546875,91162800
2022-02-23,165.5399932861328,157.6908416748047,90009200
2022-02-24,152.5800018310547,160.3211669921875,141147500
2022-02-25,163.83999633789062,162.39979553222656,91974200
2022-02-28,163.05999755859375,162.6658172607422,95056600
2022-03-01,164.6999969482422,160.77432250976562,83474400
2022-03-02,164.38999938964844,164.08441162109375,79724800
2022-03-03,168.47000122070312,163.75927734375,76678400
2022-03-04,164.49000549316406,160.74476623535156,83737200
2022-03-07,163.36000061035156,156.9322967529297,96418800
2022-03-08,158.82000732421875,155.0999298095703,131148300
2022-03-09,161.47999572753906,160.52806091308594,91454900
2022-03-10,160.1999969482422,156.1638946533203,105342000
2022-03-11,158.92999267578125,152.43020629882812,96970100
2022-03-14,151.4499969482422,148.3812713623047,108732100
2022-03-15,150.89999389648438,152.78485107421875,92964300
2022-03-16,157.0500030517578,157.2179718017578,102300200
2022-03-17,158.61000061035156,158.23268127441406,75615400
2022-03-18,160.50999450683594,161.54275512695312,123511700
2022-03-21,163.50999450683594,162.92190551757812,95811400
2022-03-22,165.50999450683594,166.310791015625,81532000
2022-03-23,167.99000549316406,167.6801300048828,98062700
2022-03-24,171.05999755859375,171.48275756835938,90131400
2022-03-25,173.8800048828125,172.12307739257812,80546200
2022-03-28,172.1699981689453,172.99002075195312,90371900
2022-03-29,176.69000244140625,176.30007934570312,100589400
2022-03-30,178.5500030517578,175.1277618408203,92633200
2022-03-31,177.83999633789062,172.01475524902344,103049300
2022-04-01,174.02999877929688,171.71920776367188,78751300
2022-04-04,174.57000732421875,175.78778076171875,76468400
2022-04-05,177.5,172.4580535888672,73401800
2022-04-06,172.36000061035156,169.2760467529297,89058800
2022-04-07,171.16000366210938,169.58145141601562,77594700
2022-04-08,171.77999877929688,167.56192016601562,76575500
2022-04-11,168.7100067138672,163.28643798828125,72246700
2022-04-12,168.02000427246094,165.1680145263672,79265200
2022-04-13,167.38999938964844,167.86729431152344,70618900
2022-04-14,170.6199951171875,162.833251953125,75329400
2022-04-18,163.9199981689453,162.6165313720703,69023900
2022-04-19,165.02000427246094,164.91189575195312,67723800
2022-04-20,168.75999450683594,164.74441528320312,67929800
2022-04-21,168.91000366210938,163.9464569091797,87227800
2022-04-22,166.4600067138672,159.38525390625,84882400
2022-04-25,161.1199951171875,160.45909118652344,96046400
2022-04-26,162.25,154.4694366455078,95623200
2022-04-27,155.91000366210938,154.2428741455078,88063200
2022-04-28,159.25,161.20779418945312,130216800
2022-04-29,161.83999633789062,155.3068084716797,131747600
2022-05-02,156.7100067138672,155.6122283935547,123055300
2022-05-03,158.14999389648438,157.10960388183594,88966500
2022-05-04,159.6699981689453,163.55239868164062,108256500
2022-05-05,163.85000610351562,154.43992614746094,130525300
2022-05-06,156.00999450683594,155.16995239257812,116124600
2022-05-09,154.92999267578125,150.02000427246094,131577900
2022-05-10,155.52000427246094,152.4371337890625,115366700
2022-05-11,153.5,144.53457641601562,142689800
2022-05-12,142.77000427246094,140.64744567871094,182602000
2022-05-13,144.58999633789062,145.13641357421875,113990900
2022-05-16,145.5500030517578,143.5874481201172,86643800
2022-05-17,148.86000061035156,147.2378387451172,78336300
2022-05-18,146.85000610351562,138.93075561523438,109742900
2022-05-19,139.8800048828125,135.50733947753906,136095600
2022-05-20,139.08999633789062,135.744140625,137426100
2022-05-23,137.7899932861328,141.19009399414062,117726300
2022-05-24,140.80999755859375,138.47695922851562,104132700
2022-05-25,138.42999267578125,138.6348114013672,92482700
2022-05-26,137.38999938964844,141.85108947753906,90601500
2022-05-27,145.38999938964844,147.63247680664062,90978500
2022-05-31,149.07000732421875,146.84320068359375,103718400
2022-06-01,149.89999389648438,146.71495056152344,74286600
2022-06-02,147.8300018310547,149.181396484375,72348100
2022-06-03,146.89999389648438,143.42962646484375,88570300
2022-06-06,147.02999877929688,144.17938232421875,71598400
2022-06-07,144.35000610351562,146.71495056152344,67808200
2022-06-08,148.5800018310547,145.97499084472656,53950200
2022-06-09,147.0800018310547,140.7263641357422,69473000
2022-06-10,140.27999877929688,135.29029846191406,91437900
2022-06-13,132.8699951171875,130.1107177734375,122207100
2022-06-14,133.1300048828125,130.97891235351562,84784300
2022-06-15,134.2899932861328,133.6130828857422,91533000
2022-06-16,132.0800018310547,128.3151092529297,108123900
2022-06-17,130.07000732421875,129.7950439453125,134520300
2022-06-21,133.4199981689453,134.0471954345703,81000500
2022-06-22,134.7899932861328,133.5341796875,73409200
2022-06-23,136.82000732421875,136.4149932861328,72433800
2022-06-24,139.89999389648438,139.75953674316406,89116800
2022-06-27,142.6999969482422,139.75953674316406,70207900
2022-06-28,142.1300048828125,135.5961151123047,67083400
2022-06-29,137.4600067138672,137.3621368408203,66242400
2022-06-30,137.25,134.88577270507812,98964500
2022-07-01,136.0399932861328,137.06614685058594,71051600
2022-07-05,137.77000427246094,139.66085815429688,73353800
2022-07-06,141.35000610351562,141.0026092529297,74064300
2022-07-07,143.2899932861328,144.38662719726562,66253700
2022-07-08,145.25999450683594,145.0673370361328,64547800
2022-07-11,145.6699981689453,142.92645263671875,63141600
2022-07-12,145.75999450683594,143.90318298339844,77588800
2022-07-13,142.99000549316406,143.5381317138672,71185600
2022-07-14,144.0800018310547,146.4781494140625,78140700
2022-07-15,149.77999877929688,148.1553497314453,76259900
2022-07-18,150.74000549316406,145.0969696044922,81420900
2022-07-19,147.9199981689453,148.97422790527344,82982400
2022-07-20,151.1199951171875,150.98683166503906,64823400
2022-07-21,154.5,153.26583862304688,65086600
2022-07-22,155.38999938964844,152.02279663085938,66675400
2022-07-25,154.00999450683594,150.89805603027344,53623900
2022-07-26,152.25999450683594,149.56619262695312,55138700
2022-07-27,152.5800018310547,154.68653869628906,78620700
2022-07-28,156.97999572753906,155.23902893066406,81378700
2022-07-29,161.24000549316406,160.32980346679688,101786900
2022-08-01,161.00999450683594,159.3432159423828,67829400
2022-08-02,160.10000610351562,157.86331176757812,59907000
2022-08-03,160.83999633789062,163.9012451171875,82507500
2022-08-04,166.00999450683594,163.5855255126953,55474100
2022-08-05,163.2100067138672,163.3583221435547,56697000
2022-08-08,166.3699951171875,162.8840789794922,60276900
2022-08-09,164.02000427246094,162.93348693847656,63135500
2022-08-10,167.67999267578125,167.20144653320312,70170500
2022-08-11,170.05999755859375,166.46047973632812,57149200
2022-08-12,169.82000732421875,170.02699279785156,68039400
2022-08-15,171.52000427246094,171.1038818359375,54091700
2022-08-16,172.77999877929688,170.94580078125,56377100
2022-08-17,172.77000427246094,172.44749450683594,79542000
2022-08-18,173.75,172.05230712890625,62290100
2022-08-19,173.02999877929688,169.4539794921875,70346300
2022-08-22,169.69000244140625,165.55152893066406,69026800
2022-08-23,167.0800018310547,165.2156524658203,54147100
2022-08-24,167.32000732421875,165.51205444335938,53841500
2022-08-25,168.77999877929688,167.98191833496094,51218200
2022-08-26,170.57000732421875,161.6490936279297,78961000
2022-08-29,161.14999389648438,159.43614196777344,73314000
2022-08-30,162.1300048828125,156.99588012695312,77906200
2022-08-31,160.30999755859375,155.32623291015625,87991100
2022-09-01,156.63999938964844,156.0573272705078,74229900
2022-09-02,159.75,153.93321228027344,76957800
2022-09-06,156.47000122070312,152.66864013671875,73714800
2022-09-07,154.82000732421875,154.08139038085938,87449600
2022-09-08,154.63999938964844,152.59947204589844,84923800
2022-09-09,155.47000122070312,155.47442626953125,68028800
2022-09-12,159.58999633789062,161.46142578125,104956000
2022-09-13,159.89999389648438,151.9869384765625,122656600
2022-09-14,154.7899932861328,153.4392547607422,87965400
2022-09-15,154.64999389648438,150.53466796875,90481100
2022-09-16,151.2100067138672,148.884765625,162278800
2022-09-19,149.30999755859375,152.61923217773438,81474200
2022-09-20,153.39999389648438,155.0100555419922,107689800
2022-09-21,157.33999633789062,151.86837768554688,101696800
2022-09-22,152.3800048828125,150.9001922607422,86652500
2022-09-23,151.19000244140625,148.6179962158203,96029900
2022-09-26,149.66000366210938,148.95391845703125,93339400
2022-09-27,152.74000549316406,149.9320068359375,84442700
2022-09-28,147.63999938964844,148.03512573242188,146691400
2022-09-29,146.10000610351562,140.76377868652344,128138200
2022-09-30,141.27999877929688,136.53530883789062,124925300
2022-10-03,138.2100067138672,140.73411560058594,114311700
2022-10-04,145.02999877929688,144.34019470214844,87830100
2022-10-05,144.07000732421875,144.6365509033203,79471000
2022-10-06,145.80999755859375,143.67822265625,68402200
2022-10-07,142.5399932861328,138.40255737304688,85925600
2022-10-10,140.4199981689453,138.72860717773438,74899000
2022-10-11,139.89999389648438,137.30592346191406,77033700
2022-10-12,139.1300048828125,136.67364501953125,70433700
2022-10-13,134.99000549316406,141.26763916015625,113224000
2022-10-14,144.30999755859375,136.7131805419922,88598000
2022-10-17,141.07000732421875,140.69464111328125,85250900
2022-10-18,145.49000549316406,142.01849365234375,99136600
2022-10-19,141.69000244140625,142.1271514892578,61758300
2022-10-20,143.02000427246094,141.66282653808594,64522000
2022-10-21,142.8699951171875,145.49607849121094,86548600
2022-10-24,147.19000244140625,147.6498260498047,75981900
2022-10-25,150.08999633789062,150.5050048828125,74732300
2022-10-26,150.9600067138672,147.55105590820312,88194300
2022-10-27,148.07000732421875,143.0558624267578,109180200
2022-10-28,148.1999969482422,153.8640594482422,164762400
2022-10-31,153.16000366210938,151.4929656982422,97943200
2022-11-01,155.0800018310547,148.83535766601562,80379300
2022-11-02,148.9499969482422,143.2830810546875,93604600
2022-11-03,142.05999755859375,137.20716857910156,97918500
2022-11-04,142.08999633789062,136.93994140625,140814800
2022-11-07,137.11000061035156,137.4743194580078,83374600
2022-11-08,140.41000366210938,138.0482940673828,89908500
2022-11-09,138.5,133.46644592285156,74917800
2022-11-10,141.24000549316406,145.34161376953125,118854000
2022-11-11,145.82000732421875,148.14215087890625,93979700
2022-11-14,148.97000122070312,146.7369384765625,73374100
2022-11-15,152.22000122070312,148.47860717773438,89868300
2022-11-16,149.1300048828125,147.2416229248047,64218300
2022-11-17,146.42999267578125,149.1515350341797,80389400
2022-11-18,152.30999755859375,149.71560668945312,74829600
2022-11-21,150.16000366210938,146.4697265625,58724100
2022-11-22,148.1300048828125,148.6171417236328,51804100
2022-11-23,149.4499969482422,149.49790954589844,58301400
2022-11-25,148.30999755859375,146.56869506835938,35195900
2022-11-28,145.13999938964844,142.71917724609375,69246000
2022-11-29,144.2899932861328,139.70091247558594,83763800
2022-11-30,141.39999389648438,146.48953247070312,111380900
2022-12-01,148.2100067138672,146.76663208007812,71250400
2022-12-02,145.9600067138672,146.27182006835938,65447400
2022-12-05,147.77000427246094,145.10411071777344,68826400
2022-12-06,147.07000732421875,141.42282104492188,64727200
2022-12-07,142.19000244140625,139.4733123779297,69721100
2022-12-08,142.36000061035156,141.16552734375,62128300
2022-12-09,142.33999633789062,140.6806182861328,76097000
2022-12-12,142.6999969482422,142.9863739013672,70462700
2022-12-13,149.5,143.9561767578125,93886200
2022-12-14,145.35000610351562,141.71969604492188,82291200
2022-12-15,141.11000061035156,135.0795135498047,98931900
2022-12-16,136.69000244140625,133.11021423339844,160156900
2022-12-19,135.11000061035156,130.99249267578125,79592600
2022-12-20,131.38999938964844,130.9232177734375,77432800
2022-12-21,132.97999572753906,134.04043579101562,85928000
2022-12-22,134.35000610351562,130.85394287109375,77852100
2022-12-23,130.9199981689453,130.48780822753906,63814900
2022-12-27,131.3800048828125,128.6768341064453,69007800
2022-12-28,129.6699981689453,124.7283706665039,85438400
2022-12-29,127.98999786376953,128.26121520996094,75703700
2022-12-30,128.41000366210938,128.577880859375,77034200
2023-01-03,130.27999877929688,123.76844787597656,112117500
2023-01-04,126.88999938964844,125.04503631591797,89113600
2023-01-05,127.12999725341797,123.71897888183594,80962700
2023-01-06,126.01000213623047,128.27110290527344,87754700
2023-01-09,130.47000122070312,128.79559326171875,70790800
2023-01-10,130.25999450683594,129.36953735351562,63896200
2023-01-11,131.25,132.10086059570312,69458900
2023-01-12,133.8800048828125,132.0216827392578,71379600
2023-01-13,132.02999877929688,133.3576202392578,57809700
2023-01-17,134.8300018310547,134.5253448486328,63646600
2023-01-18,136.82000732421875,133.80294799804688,69672800
2023-01-19,134.0800018310547,133.86231994628906,58280400
2023-01-20,135.27999877929688,136.43524169921875,80223600
2023-01-23,138.1199951171875,139.6415252685547,81760300
2023-01-24,140.30999755859375,141.0467529296875,66435100
2023-01-25,140.88999938964844,140.3837432861328,65799300
2023-01-26,143.1699981689453,142.46189880371094,54105100
2023-01-27,143.16000366210938,144.411376953125,70555800
2023-01-30,144.9600067138672,141.5118865966797,64015300
2023-01-31,142.6999969482422,142.7884521484375,65874500
2023-02-01,143.97000122070312,143.91656494140625,77663600
2023-02-02,148.89999389648438,149.25050354003906,118339000
2023-02-03,148.02999877929688,152.89218139648438,154357300
2023-02-06,152.57000732421875,150.15101623535156,69858300
2023-02-07,150.63999938964844,153.04063415527344,83322600
2023-02-08,153.8800048828125,150.3390350341797,64120100
2023-02-09,153.77999877929688,149.29995727539062,56007100
2023-02-10,149.4600067138672,149.6666717529297,57450700
2023-02-13,150.9499969482422,152.48141479492188,62199000
2023-02-14,152.1199951171875,151.83718872070312,61707600
2023-02-15,153.11000061035156,153.94827270507812,65573800
2023-02-16,153.50999450683594,152.34266662597656,68167900
2023-02-17,152.35000610351562,151.19297790527344,59144100
2023-02-21,150.1999969482422,147.15919494628906,58867200
2023-02-22,148.8699951171875,147.58534240722656,51011300
2023-02-23,150.08999633789062,148.0709991455078,48394200
2023-02-24,147.11000061035156,145.4049530029297,55469600
2023-02-27,147.7100067138672,146.6041717529297,44998500
2023-02-28,147.0500030517578,146.09869384765625,50547000
2023-03-01,146.8300018310547,144.01736450195312,55479000
2023-03-02,144.3800048828125,144.61203002929688,52238100
2023-03-03,148.0399932861328,149.68649291992188,70732300
2023-03-06,153.7899932861328,152.46160888671875,87558000
2023-03-07,153.6999969482422,150.25144958496094,56182000
2023-03-08,152.80999755859375,151.5101318359375,47204800
2023-03-09,153.55999755859375,149.25042724609375,53833600
2023-03-10,150.2100067138672,147.17901611328125,68572400
2023-03-13,147.80999755859375,149.13148498535156,84457100
2023-03-14,151.27999877929688,151.2326202392578,73695900
2023-03-15,151.19000244140625,151.62905883789062,77167900
2023-03-16,152.16000366210938,154.463623046875,76161100
2023-03-17,156.0800018310547,153.62118530273438,98944600
2023-03-20,155.07000732421875,155.99981689453125,73641400
2023-03-21,157.32000732421875,157.86312866210938,73938300
2023-03-22,159.3000030517578,156.426025390625,75701800
2023-03-23,158.8300018310547,157.51622009277344,67622100
2023-03-24,158.86000061035156,158.82449340820312,59196500
2023-03-27,159.94000244140625,156.87200927734375,52390300
2023-03-28,157.97000122070312,156.24761962890625,45992200
2023-03-29,159.3699951171875,159.33985900878906,51305700
2023-03-30,161.52999877929688,160.9157257080078,49501700
2023-03-31,162.44000244140625,163.43310546875,68749800
2023-04-03,164.27000427246094,164.69183349609375,56976200
2023-04-04,166.60000610351562,164.15664672851562,46278300
2023-04-05,164.74000549316406,162.30323791503906,51511700
2023-04-06,162.42999267578125,163.19528198242188,45390100
2023-04-10,161.4199981689453,160.58865356445312,47716900
2023-04-11,162.35000610351562,159.36961364746094,47644200
2023-04-12,161.22000122070312,158.67584228515625,50133100
2023-04-13,161.6300048828125,164.0872344970703,68445600
2023-04-14,164.58999633789062,163.74037170410156,49386500
2023-04-17,165.08999633789062,163.76019287109375,41516200
2023-04-18,166.10000610351562,164.98915100097656,49923000
2023-04-19,165.8000030517578,166.1388397216797,47720200
2023-04-20,166.08999633789062,165.16754150390625,52456400
2023-04-21,165.0500030517578,163.5520782470703,58337300
2023-04-24,165.0,163.8592987060547,41949600
2023-04-25,165.19000244140625,162.3131866455078,48714100
2023-04-26,163.05999755859375,162.30323791503906,45498800
2023-04-27,165.19000244140625,166.91189575195312,64902300
2023-04-28,168.49000549316406,168.1706085205078,55209200
2023-05-01,169.27999877929688,168.08140563964844,52472900
2023-05-02,170.08999633789062,167.040771484375,48425700
2023-05-03,169.5,165.96044921875,65136000
2023-05-04,164.88999938964844,164.31520080566406,81235400
2023-05-05,170.97999572753906,172.02601623535156,113316400
2023-05-08,172.47999572753906,171.9566192626953,55962800
2023-05-09,173.0500030517578,170.24200439453125,45326900
2023-05-10,173.02000427246094,172.01609802246094,53724500
2023-05-11,173.85000610351562,172.20440673828125,49514700
2023-05-12,173.6199951171875,171.27146911621094,45497800
2023-05-15,173.16000366210938,170.77525329589844,37266700
2023-05-16,171.99000549316406,170.77525329589844,42110300
2023-05-17,171.7100067138672,171.39056396484375,57951600
2023-05-18,173.0,173.73280334472656,65496700
2023-05-19,176.38999938964844,173.84197998046875,55772400
2023-05-22,173.97999572753906,172.88919067382812,43570900
2023-05-23,173.1300048828125,170.26905822753906,50747300
2023-05-24,171.08999633789062,170.5469512939453,45143500
2023-05-25,172.41000366210938,171.6883087158203,56058300
2023-05-26,173.32000732421875,174.1099395751953,54835000
2023-05-30,176.9600067138672,175.9658660888672,55964400
2023-05-31,177.3300018310547,175.916259765625,99625300
2023-06-01,177.6999969482422,178.73487854003906,68901800
2023-06-02,181.02999877929688,179.58839416503906,61945900
2023-06-05,182.6300048828125,178.2287139892578,121946500
2023-06-06,179.97000122070312,177.8615264892578,64848400
2023-06-07,178.44000244140625,176.48196411132812,61944600
2023-06-08,177.89999389648438,179.21127319335938,50214900
2023-06-09,181.5,179.59835815429688,48870700
2023-06-12,181.27000427246094,182.40704345703125,54274900
2023-06-13,182.8000030517578,181.93064880371094,54929100
2023-06-14,183.3699951171875,182.56582641601562,57462900
2023-06-15,183.9600067138672,184.61033630371094,65433200
2023-06-16,186.72999572753906,183.52853393554688,101235600
2023-06-20,184.41000366210938,183.6178436279297,49799100
2023-06-21,184.89999389648438,182.57577514648438,49515700
2023-06-22,183.74000549316406,185.5928955078125,51245300
2023-06-23,185.5500030517578,185.27528381347656,53079300
2023-06-26,186.8300018310547,183.8759002685547,48088700
2023-06-27,185.88999938964844,186.6448974609375,50730800
2023-06-28,187.92999267578125,187.82595825195312,51216800
2023-06-29,189.0800018310547,188.1633758544922,46347300
2023-06-30,191.6300048828125,192.5104522705078,85069600
2023-07-03,193.77999877929688,191.01181030273438,31458200
2023-07-05,191.57000732421875,189.8903045654297,46920300
2023-07-06,189.83999633789062,190.36668395996094,45094300
2023-07-07,191.41000366210938,189.2451934814453,46778000
2023-07-10,189.25999450683594,187.1907958984375,59922200
2023-07-11,189.16000366210938,186.66476440429688,46638100
2023-07-12,189.67999267578125,188.34205627441406,60750200
2023-07-13,190.5,189.10623168945312,41342300
2023-07-14,190.22999572753906,189.255126953125,41573900
2023-07-17,191.89999389648438,192.53028869628906,50520200
2023-07-18,193.35000610351562,192.27224731445312,48353800
2023-07-19,193.10000610351562,193.63194274902344,80507300
2023-07-20,195.08999633789062,191.6767578125,59581200
2023-07-21,194.10000610351562,190.4957275390625,71917800
2023-07-24,193.41000366210938,191.2996063232422,45377800
2023-07-25,193.3300018310547,192.1630859375,37283200
2023-07-26,193.6699981689453,193.0364532470703,47471900
2023-07-27,196.02000427246094,191.7660675048828,47460200
2023-07-28,194.6699981689453,194.35647583007812,48291400
2023-07-31,196.05999755859375,194.97177124023438,38824100
2023-08-01,196.24000549316406,194.13807678222656,35175100
2023-08-02,195.0399932861328,191.13088989257812,50389300
2023-08-03,191.57000732421875,189.7315216064453,61235200
2023-08-04,185.52000427246094,180.62059020996094,115799700
2023-08-07,182.1300048828125,177.5042266845703,97576100
2023-08-08,179.69000244140625,178.4470672607422,67823000
2023-08-09,180.8699951171875,176.8491973876953,60378500
2023-08-10,179.47999572753906,176.63082885742188,54686900
2023-08-11,177.32000732421875,176.6904754638672,51988100
2023-08-14,177.97000122070312,178.35015869140625,43675600
2023-08-15,178.8800048828125,176.35255432128906,43622600
2023-08-16,177.1300048828125,175.47804260253906,46964900
2023-08-17,177.13999938964844,172.92391967773438,66062900
2023-08-18,172.3000030517578,173.41090393066406,61114200
2023-08-21,175.07000732421875,174.7525177001953,46311900
2023-08-22,177.05999755859375,176.13392639160156,42084200
2023-08-23,178.52000427246094,179.99986267089844,52722800
2023-08-24,180.6699981689453,175.28919982910156,54945800
2023-08-25,177.3800048828125,177.5054168701172,51449600
2023-08-28,180.08999633789062,179.07562255859375,43820700
2023-08-29,179.6999969482422,182.98130798339844,53003900
2023-08-30,184.94000244140625,186.48947143554688,60813900
2023-08-31,187.83999633789062,186.7081298828125,60794500
2023-09-01,189.49000549316406,188.28829956054688,45732600
2023-09-05,188.27999877929688,188.5268096923828,45280000
2023-09-06,188.39999389648438,181.77880859375,81755800
2023-09-07,175.17999267578125,176.46188354492188,112488800
2023-09-08,178.35000610351562,177.0780487060547,65551300
2023-09-11,180.07000732421875,178.25074768066406,58953100
2023-09-12,179.49000549316406,175.20968627929688,90370200
2023-09-13,176.50999450683594,173.1326141357422,84267900
2023-09-14,174.0,174.6531524658203,60895800
2023-09-15,176.47999572753906,173.9276580810547,109205100
2023-09-18,176.47999572753906,176.86935424804688,67257600
2023-09-19,177.52000427246094,177.96255493164062,51826900
2023-09-20,179.25999450683594,174.4047088623047,58436200
2023-09-21,174.5500030517578,172.85433959960938,63047900
2023-09-22,174.6699981689453,173.70901489257812,56725400
2023-09-25,174.1999969482422,174.9910430908203,46172700
2023-09-26,174.82000732421875,170.89654541015625,64588900
2023-09-27,172.6199951171875,169.3759765625,66921800
2023-09-28,169.33999633789062,169.63436889648438,56294400
2023-09-29,172.02000427246094,170.15115356445312,51814200
2023-10-02,171.22000122070312,172.67547607421875,52164500
2023-10-03,172.25999450683594,171.3337860107422,49594600
2023-10-04,171.08999633789062,172.58599853515625,53020300
2023-10-05,173.7899932861328,173.82827758789062,48527900
2023-10-06,173.8000030517578,176.39231872558594,57224100
2023-10-09,176.80999755859375,177.883056640625,42390800
2023-10-10,178.10000610351562,177.28675842285156,43698000
2023-10-11,178.1999969482422,178.6880340576172,47551100
2023-10-12,180.07000732421875,179.59242248535156,56743100
2023-10-13,181.4199981689453,177.74392700195312,51427100
2023-10-16,176.75,177.61471557617188,52517000
2023-10-17,176.64999389648438,176.05442810058594,57549400
2023-10-18,175.5800018310547,174.7525177001953,54764400
2023-10-19,176.0399932861328,174.3748779296875,59302900
2023-10-20,175.30999755859375,171.81085205078125,64189300
2023-10-23,170.91000366210938,171.93008422851562,55980100
2023-10-24,173.0500030517578,172.3673553466797,43816600
2023-10-25,171.8800048828125,170.04185485839844,57157000
2023-10-26,170.3699951171875,165.8578643798828,70625300
2023-10-27,166.91000366210938,167.1796417236328,58499100
2023-10-30,169.02000427246094,169.2368621826172,51131000
2023-10-31,169.35000610351562,169.71389770507812,44846000
2023-11-01,171.0,172.8940887451172,56934900
2023-11-02,175.52000427246094,176.47183227539062,77334800
2023-11-03,174.24000549316406,175.55752563476562,79763700
2023-11-06,176.3800048828125,178.12156677246094,63841300
2023-11-07,179.17999267578125,180.695556640625,70530000
2023-11-08,182.35000610351562,181.75892639160156,49340300
2023-11-09,182.9600067138672,181.2819061279297,53763500
2023-11-10,183.97000122070312,185.49127197265625,66133400
2023-11-13,185.82000732421875,183.89907836914062,43627500
2023-11-14,187.6999969482422,186.5261993408203,60108400
2023-11-15,187.85000610351562,187.09341430664062,53790500
2023-11-16,189.57000732421875,188.78514099121094,54412900
2023-11-17,190.25,188.76524353027344,50922700
2023-11-20,189.88999938964844,190.5166473388672,46505100
2023-11-21,191.41000366210938,189.71060180664062,38134500
2023-11-22,191.49000549316406,190.3773193359375,39617700
2023-11-24,190.8699951171875,189.0438690185547,24048300
2023-11-27,189.9199981689453,188.86474609375,40552600
2023-11-28,189.77999877929688,189.47177124023438,38415400
2023-11-29,190.89999389648438,188.44679260253906,43014200
2023-11-30,189.83999633789062,189.0239715576172,48794400
2023-12-01,190.3300018310547,190.30767822265625,45679300
2023-12-04,189.97999572753906,188.50650024414062,43389500
2023-12-05,190.2100067138672,192.47703552246094,66628400
2023-12-06,194.4499969482422,191.38241577148438,41089700
2023-12-07,193.6300048828125,193.32290649414062,47477700
2023-12-08,194.1999969482422,194.75587463378906,53377300
2023-12-11,193.11000061035156,192.23822021484375,60943700
2023-12-12,193.0800018310547,193.76077270507812,52696900
2023-12-13,195.08999633789062,196.9949188232422,70404200
2023-12-14,198.02000427246094,197.14418029785156,66831600
2023-12-15,197.52999877929688,196.60682678222656,128256700
2023-12-18,196.08999633789062,194.93499755859375,55751900
2023-12-19,196.16000366210938,195.97988891601562,40714100
2023-12-20,196.89999389648438,193.88018798828125,52242800
2023-12-21,196.10000610351562,193.7308807373047,46482500
2023-12-22,195.17999267578125,192.6561737060547,37122800
2023-12-26,193.61000061035156,192.1088409423828,28919300
2023-12-27,192.49000549316406,192.2083740234375,48087700
2023-12-28,194.13999938964844,192.6362762451172,34049900
2023-12-29,193.89999389648438,191.5913848876953,42628800
2024-01-02,187.14999389648438,184.7349853515625,82488700
2024-01-03,184.22000122070312,183.3517608642578,58414500
2024-01-04,182.14999389648438,181.02316284179688,71983600
2024-01-05,181.99000549316406,180.29672241210938,62303300
2024-01-08,182.08999633789062,184.65536499023438,59144500
2024-01-09,183.9199981689453,184.23741149902344,42841800
2024-01-10,184.35000610351562,185.2823028564453,46792900
2024-01-11,186.5399932861328,184.68521118164062,49128400
2024-01-12,186.05999755859375,185.0135955810547,40444700
2024-01-16,182.16000366210938,182.73477172851562,65603000
2024-01-17,181.27000427246094,181.78939819335938,47317400
2024-01-18,186.08999633789062,187.71038818359375,78005800
2024-01-19,189.3300018310547,190.62611389160156,68741000
2024-01-22,192.3000030517578,192.9447479248047,60133900
2024-01-23,195.02000427246094,194.22845458984375,42355600
2024-01-24,195.4199981689453,193.55177307128906,53631300
2024-01-25,195.22000122070312,193.223388671875,54822100
2024-01-26,194.27000427246094,191.48191833496094,44594000
2024-01-29,192.00999450683594,190.79527282714844,47145600
2024-01-30,190.94000244140625,187.12327575683594,55859400
2024-01-31,187.0399932861328,183.5010223388672,55467800
2024-02-01,183.99000549316406,185.94903564453125,64885400
2024-02-02,179.86000061035156,184.94395446777344,102518000
2024-02-05,188.14999389648438,186.7650146484375,69668800
2024-02-06,186.86000061035156,188.37713623046875,43490800
2024-02-07,190.63999938964844,188.48660278320312,53439000
2024-02-08,189.38999938964844,187.4019317626953,40962000
2024-02-09,188.64999389648438,188.1691436767578,45155200
2024-02-12,188.4199981689453,186.47525024414062,41781900
2024-02-13,185.77000427246094,184.37286376953125,56529500
2024-02-14,185.32000732421875,183.48606872558594,54630500
2024-02-15,183.5500030517578,183.19712829589844,65434500
2024-02-16,183.4199981689453,181.6527099609375,49701400
2024-02-20,181.7899932861328,180.9053955078125,53665600
2024-02-21,181.94000244140625,181.66268920898438,41529700
2024-02-22,183.47999572753906,183.7052764892578,52292200
2024-02-23,185.00999450683594,181.86195373535156,45119700
2024-02-26,182.24000549316406,180.50686645507812,40867400
2024-02-27,181.10000610351562,181.9715576171875,54318900
2024-02-28,182.50999450683594,180.76593017578125,48953900
2024-02-29,181.27000427246094,180.0983428955078,136682600
2024-03-01,179.5500030517578,179.01226806640625,73488000
2024-03-04,176.14999389648438,174.4687042236328,81510100
2024-03-05,170.75999450683594,169.50665283203125,95132400
2024-03-06,171.05999755859375,168.51025390625,68587700
2024-03-07,169.14999389648438,168.3907012939453,71765100
2024-03-08,169.0,170.1144561767578,76114600
2024-03-11,172.94000244140625,172.12718200683594,60139500
2024-03-12,173.14999389648438,172.60543823242188,59825400
2024-03-13,172.77000427246094,170.51303100585938,52488700
2024-03-14,172.91000366210938,172.3762664794922,72913500
2024-03-15,171.1699981689453,171.9976348876953,121664700
2024-03-18,175.57000732421875,173.09368896484375,75604200
2024-03-19,174.33999633789062,175.44517517089844,55215200
2024-03-20,175.72000122070312,178.0258331298828,53423100
2024-03-21,177.0500030517578,170.7521514892578,106181300
2024-03-22,171.75999450683594,171.65887451171875,71106600
2024-03-25,170.57000732421875,170.23403930664062,54288300
2024-03-26,170.0,169.09814453125,57388400
2024-03-27,170.41000366210938,172.68516540527344,60273300
2024-03-28,171.75,170.8617401123047,65672700
2024-04-01,171.19000244140625,169.4169921875,46240500
2024-04-02,169.0800018310547,168.2312774658203,49329500
2024-04-03,168.7899932861328,169.03834533691406,47691700
2024-04-04,170.2899932861328,168.21136474609375,53704400
2024-04-05,169.58999633789062,168.96859741210938,42055200
2024-04-08,169.02999877929688,167.84268188476562,37425500
2024-04-09,168.6999969482422,169.0582733154297,42451200
2024-04-10,168.8000030517578,167.1750946044922,49709300
2024-04-11,168.33999633789062,174.40892028808594,91070300
2024-04-12,174.25999450683594,175.91348266601562,101593300
2024-04-15,175.36000061035156,172.06739807128906,73531800
2024-04-16,171.75,168.7693328857422,73711200
2024-04-17,169.61000061035156,167.39430236816406,50901200
2024-04-18,168.02999877929688,166.437744140625,43122900
2024-04-19,166.2100067138672,164.40512084960938,67772100
2024-04-22,165.52000427246094,165.24209594726562,48116400
2024-04-23,165.35000610351562,166.2982635498047,49537800
2024-04-24,166.5399932861328,168.41064453125,48251800
2024-04-25,169.52999877929688,169.27749633789062,50558300
2024-04-26,169.8800048828125,168.68960571289062,44838400
2024-04-29,173.3699951171875,172.8744659423828,68169400
2024-04-30,173.3300018310547,169.7158966064453,65934800
2024-05-01,169.5800018310547,168.68960571289062,50383100
2024-05-02,172.50999450683594,172.4061737060547,94214900
2024-05-03,186.64999389648438,182.71885681152344,163224100
2024-05-06,182.35000610351562,181.0548858642578,78569700
2024-05-07,183.4499969482422,181.7423858642578,77305800
2024-05-08,182.85000610351562,182.08116149902344,45057100
2024-05-09,182.55999755859375,183.9045867919922,48983000
2024-05-10,184.89999389648438,182.63743591308594,50759500
2024-05-13,185.44000244140625,185.86013793945312,72044800
2024-05-14,187.50999450683594,187.00755310058594,52393600
2024-05-15,187.91000366210938,189.2924041748047,70400000
2024-05-16,190.47000122070312,189.41212463378906,52845200
2024-05-17,189.50999450683594,189.44204711914062,41282900
2024-05-20,189.3300018310547,190.6094207763672,44361300
2024-05-21,191.08999633789062,191.91647338867188,42309400
2024-05-22,192.27000427246094,190.4697265625,34648500
2024-05-23,190.97999572753906,186.45880126953125,51005900
2024-05-24,188.82000732421875,189.5518035888672,36294600
2024-05-28,191.50999450683594,189.56178283691406,52280100
2024-05-29,189.61000061035156,189.86111450195312,53068000
2024-05-30,190.75999450683594,190.85885620117188,49947900
2024-05-31,191.44000244140625,191.81668090820312,75158300
2024-06-03,192.89999389648438,193.59268188476562,50080500
2024-06-04,194.63999938964844,193.91195678710938,47471400
2024-06-05,195.39999389648438,195.42852783203125,54156800
2024-06-06,195.69000244140625,194.0416717529297,41181800
2024-06-07,194.64999389648438,196.44622802734375,53103900
2024-06-10,196.89999389648438,192.68472290039062,97262100
2024-06-11,193.64999389648438,206.68310546875,172373300
2024-06-12,207.3699951171875,212.58978271484375,198134300
2024-06-13,214.74000549316406,213.75714111328125,97862700
2024-06-14,213.85000610351562,212.01107788085938,70122700
2024-06-17,213.3699951171875,216.18165588378906,93728300
2024-06-18,217.58999633789062,213.8070068359375,79943300
2024-06-20,213.92999267578125,209.2073974609375,86172500
2024-06-21,210.38999938964844,207.02235412597656,246421400
2024-06-24,207.72000122070312,207.67088317871094,80727000
2024-06-25,209.14999389648438,208.59878540039062,56713900
2024-06-26,211.5,212.7693634033203,66213200
2024-06-27,214.69000244140625,213.61746215820312,49772700
2024-06-28,215.77000427246094,210.14527893066406,82542700
2024-07-01,212.08999633789062,216.261474609375,60402900
2024-07-02,216.14999389648438,219.77354431152344,58046200
2024-07-03,220.0,221.0506591796875,37369800
2024-07-05,221.64999389648438,225.82984924316406,60412400
2024-07-08,227.08999633789062,227.30653381347656,59085900
2024-07-09,227.92999267578125,228.16458129882812,48076100
2024-07-10,229.3000030517578,232.45489501953125,62627700
2024-07-11,231.38999938964844,227.05709838867188,64710600
2024-07-12,228.9199981689453,230.0203857421875,53046500
2024-07-15,236.47999572753906,233.87168884277344,62631300
2024-07-16,235.0,234.29074096679688,43234300
2024-07-17,229.4499969482422,228.3641357421875,57345900
2024-07-18,230.27999877929688,223.6747283935547,66034600
2024-07-19,224.82000732421875,223.80442810058594,49151500
2024-07-22,227.00999450683594,223.45523071289062,48201800
2024-07-23,224.3699951171875,224.5028533935547,39960300
2024-07-24,224.0,218.0474395751953,61777600
2024-07-25,218.92999267578125,216.99981689453125,51391200
2024-07-26,218.6999969482422,217.46875,41601300
2024-07-29,216.9600067138672,217.7481231689453,36311800
2024-07-30,219.19000244140625,218.30685424804688,41643800
2024-07-31,221.44000244140625,221.5794677734375,50036300
2024-08-01,224.3699951171875,217.8678436279297,62501000
2024-08-02,219.14999389648438,219.36447143554688,105568600
2024-08-05,199.08999633789062,208.79833984375,119548600
2024-08-06,205.3000030517578,206.762939453125,69660500
2024-08-07,206.89999389648438,209.34710693359375,63516400
2024-08-08,213.11000061035156,212.8292236328125,47161100
2024-08-09,212.10000610351562,215.7526397705078,42201600
2024-08-12,216.07000732421875,217.2909393310547,38028100
2024-08-13,219.00999450683594,221.02682495117188,44155300
2024-08-14,220.57000732421875,221.47633361816406,41960600
2024-08-15,224.60000610351562,224.47303771972656,46414000
2024-08-16,223.9199981689453,225.80157470703125,44340200
2024-08-19,225.72000122070312,225.64175415039062,40687800
2024-08-20,225.77000427246094,226.2610626220703,30299000
2024-08-21,226.52000427246094,226.15118408203125,34765500
2024-08-22,227.7899932861328,224.2832489013672,43695300
2024-08-23,225.66000366210938,226.5906982421875,38677300
2024-08-26,226.75999450683594,226.93032836914062,30602200
2024-08-27,226.0,227.77938842773438,35934600
2024-08-28,227.9199981689453,226.2410888671875,38052200
2024-08-29,230.10000610351562,229.53746032714844,51906300
2024-08-30,230.19000244140625,228.7483367919922,52990800
